<?xml version="1.0" encoding="UTF-8"?>
<project-private xmlns="http://www.netbeans.org/ns/project-private/1">
    <editor-bookmarks xmlns="http://www.netbeans.org/ns/editor-bookmarks/2" lastBookmarkId="0"/>
    <open-files xmlns="http://www.netbeans.org/ns/projectui-open-files/2">
        <group>
            <file>file:/Users/albertorodriguez/Desktop/Universidad/Proyectos%20Netbeans/PDOO/QytetetJava/src/modeloqytetet/Sorpresa.java</file>
            <file>file:/Users/albertorodriguez/Desktop/Universidad/Proyectos%20Netbeans/PDOO/QytetetJava/src/modeloqytetet/TipoCasilla.java</file>
            <file>file:/Users/albertorodriguez/Desktop/Universidad/Proyectos%20Netbeans/PDOO/QytetetJava/src/modeloqytetet/TipoSorpresa.java</file>
            <file>file:/Users/albertorodriguez/Desktop/Universidad/Proyectos%20Netbeans/PDOO/QytetetJava/src/modeloqytetet/PruebaQytetet.java</file>
            <file>file:/Users/albertorodriguez/Desktop/Universidad/Proyectos%20Netbeans/PDOO/QytetetJava/src/modeloqytetet/TituloPropiedad.java</file>
        </group>
    </open-files>
</project-private>
